{"loss":0.2390156090259552,"sparsity":0,"_timestamp":1.7382738118705487e+09,"_runtime":1.7629059,"_step":19,"_wandb":{"runtime":1}}